ALION1,1
ALKALI,1
ANGUIl,1
APPSTA,1
ARAUCA,1
ARUBA1,1
ASPEN1,1
AVONAF,1
AZGFD1,1
BAGGS1,1
BARBAD,1
BIFD01,1
BIGHRN,1
BLANCH,1
BOGATA,1
BOLDER,1
CAICOS,1
CALGAR,1
CAMRVR,1
CAPARK,1
CARROL,1
CASPAR,1
CAYMAN,1
CBPWWD,1
CESPL1,1
CHOCTA,1
CLACKA,1
CLOCA1,1
COLUMB,1
CONFEX,1
COOSBY,1
CORALI,1
DCSHRF,1
DEBBRZ,1
DHNPER,1
DODMCF,1
DOMBCC,1
DSLORE,1
EPAFIR,1
EPARG9,1
ESCITE,1
EUROPE,1
FALLBR,1
FGFDRN,1
FLADEP,1
FMRESI,1
FORHAM,1
GENISA,1
GEORGU,1
GLBERT,1
GOLDCK,1
GOLDER,1
GUYANE,1
H2OPOW,1
HCPOL1,1
HYDSCI,1
IDAHO1,1
IHREDA,1
ILLDNR,1
INFDRN,1
JACKCO,1
JCTM01,1
JEFFCO,1
KERNTU,1
KOOTEN,1
KTIKEO,1
LAVCED,1
MAKAHI,1
MARPUD,1
MASSFG,1
MEFDRN,1
MISVCA,1
MNCITO,1
MNRREG,1
MOBOT1,1
MORAGA,1
MPWMD1,1
MSCDOM,1
MSCQCM,1
MTSWCD,1
NANAIM,1
NASAAM,1
NCOEMA,1
NCOWCD,1
NEWPRT,1
NEXSEN,1
NHMASS,1
NOAGOM,1
NORZIN,1
NPSDVY,1
NPSWRD,1
NWERN1,1
NWSBOL,1
NWSHQ1,1
NYDEC1,1
ONAMET,1
PAC001,1
PARKWY,1
QUILEU,1
RED108,1
RPCITY,1
SABLE1,1
SANDIA,1
SAUK01,1
SBBG01,1
SCARNG,1
SEATLE,1
SHNCLG,1
SICCRE,1
SILVER,1
SIMPLO,1
SNOHOM,1
SSCAFC,1
SSFRAN,1
STKITT,1
TACOMA,1
TECHED,1
TNCORG,1
UBAAR1,1
UCOMAZ,1
UCOMCA,1
UCOMCH,1
UCOMCO,1
UCOMPE,1
UFFBRA,1
UFRGS1,1
UMAGCH,1
UNISAO,1
UOHIWR,1
UPPER2,1
URABA1,1
USGS06,1
USSEPA,1
USUEES,1
USVIFD,1
UTICAP,1
WALLOP,1
WAMILI,1
WASUNI,1
WCWCD1,1
WELNER,1
WESTCO,1
WGRACE,1
WOODPL,1
WOREGN,1
WQMMON,1
WYODOT,1
YELLOW,1
ZANCAN,1
ZONEWA,1
1LURAY,2
ACPWA1,2
ADFSFD,2
ALGONQ,2
ALPINE,2
AOML03,2
APEXGE,2
ARCADS,2
ARIDCA,2
AZDFFM,2
BOISDE,2
CATARI,2
CCWH20,2
CJENER,2
CJHYDR,2
CLCND1,2
CNNWT1,2
CSKT01,2
CSUNRD,2
DALHOU,2
DEFOSV,2
DELANO,2
DINAGU,2
DOUGLS,2
EBMUD2,2
ELORO1,2
ERLWPL,2
FSPAC1,2
GOSODN,2
GUANAJ,2
GUELPH,2
HAITI9,2
HANDAR,2
HOLLIS,2
INTRFO,2
KAWEAH,2
KDLGRP,2
KRCDCA,2
KREW01,2
LABAMA,2
LANDER,2
LARIME,2
LCAQMD,2
LEONMX,2
MAARMY,2
MADERA,2
MEXIBW,2
MODOC1,2
MPT001,2
NETMWD,2
NEVIS1,2
NHDART,2
NIAGRA,2
NOAAFS,2
NOVATO,2
NOVSCO,2
NPS001,2
OAKLAN,2
OCEANS,2
OKALOO,2
ORWATR,2
PADMVA,2
PANSMI,2
PAPUA1,2
PCEMMC,2
PENDLE,2
PLACER,2
QUINLT,2
RENFEW,2
SANDIE,2
SEARPI,2
SIGENG,2
SNAMET,2
SVNEMO,2
THURST,2
TRAVIS,2
UCSD01,2
UNIHCL,2
UNIVIC,2
USGS04,2
USMCWA,2
VAMASC,2
VATECH,2
WASDOT,2
WYOST1,2
AIRQUA,3
BALHYD,3
BOXELD,3
BRITVI,3
CANDFS,3
CHICLA,3
CMCNRM,3
DGACHL,3
FIRECA,3
FRESHW,3
GRUPOC,3
HELIX1,3
HIDROV,3
IEPAAP,3
IWVGA1,3
KYFDRN,3
MBWTHR,3
MTHOOD,3
NEUNIV,3
NIAREG,3
NPS002,3
NPUPDE,3
OKANAG,3
PALOUS,3
PASTAZ,3
PRSN01,3
QUARTZ,3
RCFWCD,3
SCSWCD,3
STANOE,3
TPSGC1,3
UCDLAW,3
UFPRBR,3
UNALCO,3
VASALA,3
1HAITI,4
AOOS01,4
BARRIE,4
BASTRP,4
BBADOS,4
CAPAZ1,4
CHIQUI,4
COLPAW,4
EAABES,4
EBPARK,4
ERL001,4
GNBCAN,4
HAYS48,4
HOOPAV,4
LABRAD,4
MASSCR,4
MDFDRN,4
MTRNPS,4
NFFPC1,4
NISGAA,4
NLWNPG,4
NPSERM,4
NWSHND,4
OMNH20,4
PAIUTE,4
PILCOM,4
PULSKI,4
SDFDRN,4
SEIMAC,4
SJSUED,4
SKAGIT,4
SNOPUD,4
TNCCAL,4
VENTUR,4
WILCO1,4
YAKAMA,4
ALTAGS,5
ANTIGA,5
AUSTIN,5
CALDWR,5
CARR01,5
CESWA1,5
CHEKEE,5
COMOX1,5
DEBEER,5
DETOUR,5
ENVCAN,5
FTSTEW,5
GIGAME,5
IBGEBR,5
INVMAR,5
KDFCRA,5
KINGSC,5
KINGSR,5
MINAGR,5
NOPRSN,5
PRDNER,5
SEFAC1,5
SOPFEU,5
SWMSIE,5
TRNDAD,5
URGUAY,5
WEYERH,5
WWBWC1,5
YOSEMI,5
YSIMAN,5
AAWQMO,6
ARFDRN,6
ATIVA1,6
BUTTEC,6
CALFED,6
CENPA1,6
CFLHYD,6
CLMSON,6
CRANBK,6
CTUIR1,6
FLDBSM,6
FORTUN,6
IAFDRN,6
IDAITD,6
IPGPFR,6
MAITCA,6
MBGWTR,6
MCRCOM,6
NELSON,6
SHERDN,6
USMCNR,6
USNAVY,6
VALCOM,6
WYGVID,6
ALBCAN,7
AMAZON,7
CARBER,7
CEORD1,7
FFSDEP,7
FREPOL,7
HQAFSC,7
KARUK1,7
KOMAKA,7
MDNRCF,7
MERCED,7
NBOWER,7
RAFES1,7
SANGAE,7
SCFC01,7
SOFDRN,7
STVINC,7
USMCCP,7
YNEWIP,7
ALABAM,8
AVALAN,8
AVASER,8
CUSCO1,8
EBMUD1,8
ERLETL,8
MIDIRD,8
MSCPNM,8
NEPWRC,8
NHDNCR,8
NOSTSL,8
QUEENU,8
SFWMD1,8
SIDNEY,8
USASK1,8
VALEIN,8
WYUWYO,8
BERKLY,9
CENWS1,9
FDOACS,9
MOFDRN,9
OREWRD,9
SEMAS1,9
UCIESD,9
AGRCAN,10
ALTALI,10
CENWD1,10
CONUMA,10
COWFMS,10
DAEESP,10
IDPCOM,10
NBFIRE,10
PACPOW,10
SBFIRE,10
SCCSDP,10
SRCITY,10
CELRB1,11
KINGMN,11
PANCAN,11
PROUDM,11
SUTRON,11
THAMES,11
BRAZEL,12
BRAZSA,12
CELRC1,12
CONCET,12
LMSCAN,12
METFRA,12
MSCONL,12
TECIAP,12
USGSBR,12
DFOMPO,13
EPEIXE,13
FTSINC,13
JONOSW,13
LAMEPE,13
MSCATL,13
MSFRCM,13
NWSSRH,13
POPUD1,13
UKHYDR,13
WAWACA,13
WVADOC,13
CAMSCI,14
EMGESA,14
ENREP1,14
EPAR9L,14
IGUACU,14
LEWISC,14
NYSFDR,14
TENRBA,14
ALBFOR,15
CHSCNA,15
EMPOPA,15
ISLTIM,15
UOCBOL,15
BAKERS,16
COLOGN,16
EACDOA,16
HETCHY,16
NPSLMR,16
NWSTSU,16
BROPOW,17
CELRE1,17
COLOCC,17
MCHDNR,17
MEXIMT,17
SFPUCW,17
TEESH1,17
TRANSA,17
UNASAM,17
UOMDOA,17
COPASA,18
SEMARH,18
SJWATR,18
SLUCIA,18
CENAO1,19
CESWF1,19
DOIFWS,19
ELETRO,19
QUINDO,19
TEXUNI,19
YUTENP,19
CESAMO,20
FEPAGR,20
OVRTEC,20
SEDURB,20
WSCOTT,20
CEMVD1,21
DIMAR1,21
MIDHDE,21
MSCONM,21
NMSTDI,21
NWFWMD,21
CESAS1,22
DFWLNR,22
GFDRNC,22
MSFDRN,22
NOAHCN,22
OREDOF,22
ARKSAS,23
EPAH20,23
INAWRD,23
MSCATM,23
MXUNAM,23
TXLCRA,23
ALKDNR,24
JAMMET,24
MSCBCL,24
PADCNR,24
AGERH1,25
CENAP1,25
COACUD,25
PEICAN,25
VALEBR,25
BARCIM,26
CANFO1,26
CESAM1,26
LAFIRE,26
MSCQCL,26
VCFWCD,26
CEAZA1,27
DODARM,27
KERNCA,27
SNWANR,27
WESTER,27
CEANA0,29
WASDNR,29
BRINEA,30
MBWATR,30
NLFIRE,30
NRCAN1,30
BAHAMA,31
EGEHID,31
GVRBBC,31
PERUPC,31
SEMABR,31
CORICA,32
WISDNR,32
OKOWRB,33
UAHCRN,33
BELIZE,34
OROVIL,34
EDDLNR,35
NMSJRB,35
SCALED,35
SURINM,35
NEWLAB,36
MBFIRE,37
NEVADA,37
CPFL01,38
LWSOTT,38
NEWMEX,38
MSCBCM,39
NOVASC,39
BRDUKE,40
AESTIE,41
WSCFTN,42
CESAW1,43
CCSUWD,44
CPRMBR,44
NCDOFR,44
ONWATR,44
WSDOT1,44
ALKDNP,45
CEMIG1,45
GRNADA,45
HIGUOH,45
NCDPS1,45
DOMINI,46
NMFABL,47
SDDANR,47
WMOSID,48
HONDRS,49
NHDESB,49
BOLVIA,51
MEXELE,51
CENWW1,52
TXFSRA,53
UNLH00,53
SARA14,54
YKFIRE,54
BROOKF,56
CHSHOA,56
NWSARH,57
BURUCR,58
SACMEX,61
BLM002,62
CENAB1,62
INSVMH,62
MEXMMD,64
CANALS,66
MEXGAS,66
MTWATR,67
CASMNS,69
USFDMS,69
USGSMP,70
PGECHP,72
FWSREF,74
NASAGD,76
BCRFC1,77
COPECO,78
APACBR,79
SIMEGO,79
MSCPNL,80
CANNWT,81
SERNA1,83
DAFS02,84
SADWRP,85
CARCOL,86
INDRHI,87
SASKAT,88
ISAGEN,89
NWSPAC,89
ACQUA1,90
CELRN1,90
CTMSG1,90
NWSCRH,90
VENEDC,90
CEMVP1,97
FUNCEM,98
BIAPRR,100
SANCLA,102
CEMVM1,104
PARANA,104
CESWL1,105
NPEVER,105
CENED1,108
ONTHYD,109
PCGCCA,110
INEMA1,111
CESAJ1,113
NOAERD,114
SEMARS,115
CSKT02,117
CENWK1,118
CALDFP,119
CENWP1,122
NWSWRH,126
UNIVNY,126
DRIEDU,128
INAMHI,128
CELRL1,130
CEMVN1,134
NWSERH,135
FLODOT,136
SMHCPH,139
CEMVS1,140
TCID01,141
USIBWC,141
MANTOB,142
INETER,143
FURNAS,144
REMABR,150
ONTMNR,154
BCFIRE,155
CENWO1,155
CVCCSA,155
OREERD,156
CEMVR1,161
CEMVK1,163
NEBDNR,165
WSCHAL,165
ANAPER,172
SAWACO,172
SIMEPA,172
FWSBID,174
ONTARI,176
WSDECO,178
MINENV,184
BURMPR,193
QNRCAN,193
NPS003,195
ONFIRE,197
WYOSEO,208
PANAMA,209
NOACRD,223
CELRP1,227
EPMMED,235
TEXWDB,237
CESPD1,238
WSCREG,239
NDBOTW,243
MINDNR,245
CELRH1,249
CESWT1,258
ALBERT,262
BCHYPW,267
BURGPR,268
TENNVA,268
STCLAF,298
WSCWPG,304
SNAMHI,359
WSCNWT,360
WSCGUE,379
WSCVAN,407
COLBIA,408
WSCCAL,408
BURPNW,462
QUEHYD,507
SOCDWR,588
USDANR,621
CHLDOH,738
BRAZWT,759
BLM001,764
NOANOS,799
MEXNMS,808
INAMEH,938
DAFS00,1027
USGS01,12308